{"_wandb":{"runtime":811},"_runtime":811.888452948,"train/avg_loss":0,"train/clients_used":6,"_timestamp":1.7581787410243676e+09,"_step":2}