{"simulation/avg_round_time_s":1052.877443297704,"_wandb":{"runtime":31774},"_runtime":31774.365679165,"train/avg_loss":0,"train/clients_used":6,"_timestamp":1.7582116008532581e+09,"_step":30,"simulation/total_time_s":31586.323298931122}