{"_step":1,"client/1657609799907297664/recon_freq_step_last":0.0001306312478845939,"client/-5293129104189061733/recon_freq_step_mean":0.0016034323264595344,"_wandb":{"runtime":4670},"client/3756689436375460666/recon_freq":0.0013942055170404447,"client/3756689436375460666/recon_freq_step_last":9.623247751733288e-05,"client/4874245441546153343/recon_time_step_mean":0.0025694601003915904,"clients/recon_freq_std":8.609297620433775e-05,"client/-1375078263233847370/recon_freq_step_last":0.00011698998423526064,"_runtime":4670.663646992,"client/4874245441546153343/recon_time_step_last":0.0001990283781196922,"train/clients_used":7,"client/-1375078263233847370/recon_time_step_mean":0.003429543460102941,"client/-1375078263233847370/recon_freq":0.0014934334763241,"client/1657609799907297664/recon_freq":0.0016623149579757638,"client/1211946337871672360/recon_time_step_mean":0.0024673704003245756,"client/3756689436375460666/loss":0.004247690592070711,"client/1211946337871672360/recon_time_step_last":0.00027733371825888753,"client/-1375078263233847370/recon_time_step_last":0.0004957764176651835,"client/-1375078263233847370/loss":0.004923195626611401,"clients/recon_time_step_mean_std":0.0002851820690935589,"client/569729500997848760/loss":0.0043240160229886335,"client/569729500997848760/recon_freq":0.0015434448016040168,"clients/recon_freq_step_mean_std":8.609297620433775e-05,"client/-5293129104189061733/loss":0.004391126607718552,"client/4874245441546153343/recon_freq":0.0014832672775416068,"client/4874245441546153343/loss":0.0040523375859980145,"client/4874245441546153343/recon_time":0.0025694601003915904,"client/3756689436375460666/recon_freq_step_mean":0.0013942055170404447,"client/1657609799907297664/recon_freq_step_mean":0.0016623149579757638,"client/569729500997848760/recon_time_step_last":0.00030331057496368885,"client/-5293129104189061733/recon_time_step_mean":0.002787812508701448,"client/1657609799907297664/loss":0.004568390333438772,"clients/recon_freq_step_mean_mean":0.0015427802634366851,"client/-5293129104189061733/recon_freq_step_last":5.394451000029221e-05,"client/-5293129104189061733/recon_freq":0.0016034323264595344,"client/-5293129104189061733/recon_time":0.002787812508701448,"_timestamp":1.7582677804705007e+09,"train/avg_loss":0.004357949439731834,"client/569729500997848760/recon_freq_step_mean":0.0015434448016040168,"client/4874245441546153343/recon_freq_step_mean":0.0014832672775416068,"client/-1375078263233847370/recon_freq_step_mean":0.0014934334763241,"client/1211946337871672360/recon_freq_step_last":0.00021886121248826385,"client/1211946337871672360/loss":0.004086843669085587,"client/569729500997848760/recon_time":0.0027808708783564557,"clients/recon_time_mean":0.0028277911023881185,"simulation/total_time_s":4664.975864887238,"client/1211946337871672360/recon_time":0.0024673704003245756,"client/1211946337871672360/recon_freq_step_mean":0.0016193634871113289,"client/1211946337871672360/recon_freq":0.0016193634871113289,"client/4874245441546153343/recon_freq_step_last":7.166143041104078e-05,"client/569729500997848760/recon_time_step_mean":0.0027808708783564557,"clients/recon_time_std":0.0002851820690935589,"client/3756689436375460666/recon_time_step_mean":0.002853657728445714,"client/1657609799907297664/recon_time_step_last":0.0002843421243596822,"client/1657609799907297664/recon_time_step_mean":0.0029058226403941064,"client/3756689436375460666/recon_time_step_last":0.00013825447240378708,"clients/recon_freq_mean":0.0015427802634366851,"client/-1375078263233847370/recon_time":0.003429543460102941,"clients/loss_mean":0.004370514348273096,"simulation/avg_round_time_s":4664.975864887238,"client/569729500997848760/recon_freq_step_last":0.00013195161591283977,"client/1657609799907297664/recon_time":0.0029058226403941064,"client/-5293129104189061733/recon_time_step_last":0.00036872088094241917,"clients/recon_time_step_mean_mean":0.0028277911023881185,"client/3756689436375460666/recon_time":0.002853657728445714,"clients/loss_std":0.0002787701669309262}