{"_wandb":{"runtime":4323},"client/8356078106720555547/loss":0.0025528991597999584,"client/-1030097305614528725/loss":0.0015906244937706174,"client/-4754405994998835194/loss":0.0036319012931605855,"client/-7539442799179938908/loss":0.003784898172599373,"post/infer_time_s":1471.1091969013214,"clients/time_std_s":90.31531854325961,"_timestamp":1.7611608485454805e+09,"_step":2,"client/-3590229910951868960/loss":0.00546152276309512,"client/-6692354666132820323/loss":0.002210964626736111,"client/7002609475417935876/loss":0.0018414374983177217,"_runtime":4323.154311867,"client/-8878506023775506406/loss":0.003850870149291869,"clients/time_mean_s":1055.2816071510315}