{"_timestamp":1.7582590344742134e+09,"_step":1,"_wandb":{"runtime":472},"_runtime":472.485478555,"simulation/total_time_s":357.5832109451294,"simulation/avg_round_time_s":357.5832109451294}