{"_wandb":{"runtime":719},"_runtime":719.431326604,"_step":1,"train/avg_loss":0,"train/clients_used":6,"_timestamp":1.7579975264347942e+09}