{"_runtime":1033.830250343,"train/avg_loss":0,"train/clients_used":6,"_timestamp":1.757987025528448e+09,"_step":1,"_wandb":{"runtime":1033}}