{"_runtime":7340.656063307,"_timestamp":1.7579835493297465e+09,"_step":5,"train/avg_loss":0,"train/clients_used":6,"_wandb":{"runtime":7340}}