{"client/-2339991946104703458/recon_freq_step_mean":0.0016550771058830862,"client/5166189916306154491/recon_time":0.0028443916678846156,"client/-2339991946104703458/recon_freq":0.0016550771058830862,"client/4266119567394352332/recon_freq":0.0017113344266138837,"client/7714351200854680206/recon_freq_step_last":6.082028994569555e-05,"simulation/total_time_s":4452.060659408569,"clients/recon_time_step_mean_std":0.0002725371356886231,"clients/recon_freq_step_mean_std":9.677386311958473e-05,"_wandb":{"runtime":6226},"clients/loss_std":0.00035463274214041836,"client/7714351200854680206/recon_freq_step_mean":0.0016397567451881126,"client/-8854357960690889188/recon_time_step_last":0.0002779196947813034,"client/-8854357960690889188/recon_freq_step_mean":0.0016252871640592872,"client/-8854357960690889188/recon_time_step_mean":0.002450097034927177,"client/-2316558571762815853/recon_freq":0.001554552925740295,"client/-2316558571762815853/recon_freq_step_last":9.377807873534039e-05,"client/-8854357960690889188/loss":0.004075624741170916,"client/-2339991946104703458/loss":0.004386964943317938,"client/4266119567394352332/recon_time_step_mean":0.0028340416893441493,"client/4266119567394352332/loss":0.004545455214955861,"client/7714351200854680206/recon_time":0.0029126961083996246,"client/-2339991946104703458/recon_freq_step_last":8.615882688900456e-05,"client/4266119567394352332/recon_time_step_last":0.0002776998153422028,"client/5166189916306154491/recon_freq_step_last":7.853657734813169e-05,"client/202060156963479131/recon_freq":0.001387557238731623,"client/-2316558571762815853/recon_time":0.0027991355253666112,"_timestamp":1.7582742070264306e+09,"client/-8854357960690889188/recon_time":0.002450097034927177,"_runtime":6226.186024158,"client/-2339991946104703458/recon_time":0.002731592149337457,"client/7714351200854680206/loss":0.004552536678528639,"_step":1,"client/5166189916306154491/recon_freq_step_mean":0.0016266463041836893,"clients/recon_freq_std":9.677386311958473e-05,"client/5166189916306154491/loss":0.004471341092905579,"clients/loss_mean":0.0042663381590641695,"client/5166189916306154491/recon_time_step_last":0.00021022827422711998,"client/-2316558571762815853/loss":0.004353500037811198,"client/4266119567394352332/recon_freq_step_last":0.00013498963380698115,"client/202060156963479131/loss":0.0034789444047590577,"clients/recon_freq_mean":0.0016000302729142824,"train/avg_loss":0.004243122560638918,"clients/recon_freq_step_mean_mean":0.0016000302729142824,"client/4266119567394352332/recon_freq_step_mean":0.0017113344266138837,"client/-2316558571762815853/recon_time_step_last":0.00031356289400719106,"client/-2316558571762815853/recon_freq_step_mean":0.001554552925740295,"client/202060156963479131/recon_freq_step_last":5.671591861755587e-05,"client/-8854357960690889188/recon_freq_step_last":8.675424032844603e-05,"client/5166189916306154491/recon_time_step_mean":0.0028443916678846156,"client/-8854357960690889188/recon_freq":0.0016252871640592872,"train/clients_used":7,"clients/recon_time_step_mean_mean":0.002666167549748436,"clients/recon_time_std":0.0002725371356886231,"client/-2316558571762815853/recon_time_step_mean":0.0027991355253666112,"client/202060156963479131/recon_time_step_last":0.0002275489387102425,"client/7714351200854680206/recon_time_step_mean":0.0029126961083996246,"client/202060156963479131/recon_time_step_mean":0.0020912186729794167,"clients/recon_time_mean":0.002666167549748436,"client/202060156963479131/recon_freq_step_mean":0.001387557238731623,"client/202060156963479131/recon_time":0.0020912186729794167,"client/7714351200854680206/recon_freq":0.0016397567451881126,"client/4266119567394352332/recon_time":0.0028340416893441493,"client/-2339991946104703458/recon_time_step_mean":0.002731592149337457,"simulation/avg_round_time_s":4452.060659408569,"client/7714351200854680206/recon_time_step_last":0.00021679667406715453,"client/5166189916306154491/recon_freq":0.0016266463041836893,"client/-2339991946104703458/recon_time_step_last":0.00022621266543865204}