dataset,data_num,mode,method,seq_length,nest_length,step,thresh_num,threshold,precision,recall,f1,pr_auc,roc_auc,n_used
PSM,0,fused,point_adjusted,100,25,1,1000,0.0197051634112956,0.5354624989367325,0.6520255128403654,0.5880230833696841,0.6031228414018532,0.7391130886195492,87767
PSM,0,fused,point_wise,100,25,1,1000,0.0113683038468637,0.384657344946018,0.870110640397783,0.5334762282536316,0.5582919396925503,0.7417022346006021,87767
PSM,0,fused,released_point_wise,100,25,1,1000,0.0126524934530041,0.4039622782160355,0.8416168362163484,0.5459009761942105,0.5694683208278949,0.7383385489271419,87767
PSM,0,fused,tranad_adjusted,100,25,1,1000,0.1761264946437104,0.9367187882946916,0.7859992596553285,0.8547658451491703,,0.7417024873951934,87767
PSM,0,fused,point_adjusted,100,25,1,1000,0.00046978372514217145,0.3359150431168318,0.9999999999966043,0.5028987729457418,0.4621009144656658,0.579373447819507,87767
PSM,0,fused,point_wise,100,25,1,1000,0.00046978372514217145,0.2770175578520085,0.9999999999995887,0.4338508174448026,0.3685209487896727,0.5739097877764924,87767
PSM,0,fused,released_point_wise,100,25,1,1000,0.00046978372514217145,0.2941545194485097,0.9999999999961255,0.4545894517203848,0.40244487371311055,0.578858235700688,87767
PSM,0,fused,tranad_adjusted,100,25,1,1000,0.0924722540338724,0.9589364586522062,0.9019043310163287,0.9295464179737176,,0.5739128919595795,87767
